{
  "my_style": {
    "panel": {
      "id": "obscure_tooltips:color_rect",
      "params": { "back_top": "bb000000", "back_bottom": "bb444444", "border_top": "ffffffff", "border_bottom": "bbbbbbbb", "slot": "ffffffff" }
    },
    "frame": {
      "id": "obscure_tooltips:texture",
      "params": { "texture": "my_namespace:tooltips/decoration/frozen.png" }
    },
    "icon": {
      "id": "obscure_tooltips:animated_epic",
      "params": {}
    },
    "effects": [
      {
        "id": "obscure_tooltips:enchantment",
        "params": {}
      }
    ]
  }
}